1|4/3/2023 11:40:04 AM|Lorem ipsum dolor sit amet, consectetur adipiscing elit, sed do eiusmod tempor incididunt ut labore et dolore magna aliqua. Ultrices eros in cursus turpis. Viverra nibh cras pulvinar mattis nunc sed. Laoreet suspendisse interdum consectetur libero id faucibus nisl. Ipsum suspendisse ultrices gravida dictum fusce. Et malesuada fames ac turpis egestas. Sit amet nisl suscipit adipiscing bibendum est ultricies. Sed odio morbi quis commodo. Porttitor leo a diam sollicitudin tempor id eu nisl nunc.|1
2|5/31/2024 11:34:56 PM|aasdasd|1
3|5/31/2024 11:38:08 PM|asdasdasd|1
4|5/31/2024 11:43:42 PM|asdasdasd|1
5|5/31/2024 11:43:45 PM|asdasdasdasd|1
6|5/31/2024 11:43:47 PM|asdasdasd|1
7|5/31/2024 11:43:50 PM|asdasdasdasd|1
8|5/31/2024 11:43:52 PM|asdasdasdasd|1
9|5/31/2024 11:43:54 PM|asdasdasdasd|1
10|5/31/2024 11:43:56 PM|adadasdasd|1
11|5/31/2024 11:43:59 PM|asdasdasdasd|1
12|5/31/2024 11:44:06 PM|asdasdasd|1
13|5/31/2024 11:44:12 PM|asdasdasasd|1
14|5/31/2024 11:44:16 PM|adasd|1
15|6/2/2024 10:46:59 PM|asd|1
16|6/2/2024 10:51:34 PM|asAS|1
17|6/2/2024 10:53:08 PM|ASDASD|1
18|6/2/2024 10:55:25 PM|aSASs|1
19|6/2/2024 10:55:38 PM|adadas|1
20|6/2/2024 10:55:44 PM|asdasd|1
