3|..\..\..\Resources\Images\nekaSlika.jpg|3
4|..\..\..\Resources\Images\nekaSlika.jpg|4
5|..\..\..\Resources\Images\noviSad.jpg|5
7|..\..\..\Resources\Images\kalemegdan.jpg|2
8|..\..\..\Resources\Images\beograd.jpg|6
9|..\..\..\Resources\Images\beograd.jpg|7
10|..\..\..\Resources\Images\noviSad.jpg|7
11|..\..\..\Resources\Images\noviSad2.jpeg|7
12|https://encrypted-tbn0.gstatic.com/images?q=tbn:ANd9GcRixw0--AyqlvH8DEuj92w19GNMK4PFGWtOSi1Dw-eyVA&s|8
13|https://encrypted-tbn0.gstatic.com/images?q=tbn:ANd9GcRixw0--AyqlvH8DEuj92w19GNMK4PFGWtOSi1Dw-eyVA&s|9
14|https://encrypted-tbn0.gstatic.com/images?q=tbn:ANd9GcRixw0--AyqlvH8DEuj92w19GNMK4PFGWtOSi1Dw-eyVA&s|9
15|https://encrypted-tbn0.gstatic.com/images?q=tbn:ANd9GcRixw0--AyqlvH8DEuj92w19GNMK4PFGWtOSi1Dw-eyVA&s|9
16|https://encrypted-tbn0.gstatic.com/images?q=tbn:ANd9GcRixw0--AyqlvH8DEuj92w19GNMK4PFGWtOSi1Dw-eyVA&s|10
17|https://encrypted-tbn0.gstatic.com/images?q=tbn:ANd9GcRixw0--AyqlvH8DEuj92w19GNMK4PFGWtOSi1Dw-eyVA&s|11
18|https://encrypted-tbn0.gstatic.com/images?q=tbn:ANd9GcRixw0--AyqlvH8DEuj92w19GNMK4PFGWtOSi1Dw-eyVA&s|12
19|https://encrypted-tbn0.gstatic.com/images?q=tbn:ANd9GcRixw0--AyqlvH8DEuj92w19GNMK4PFGWtOSi1Dw-eyVA&s|13
20|https://encrypted-tbn0.gstatic.com/images?q=tbn:ANd9GcRixw0--AyqlvH8DEuj92w19GNMK4PFGWtOSi1Dw-eyVA&s|14
21|https://turizambeocin.com/wp-content/uploads/2021/04/manastir-beocin.jpg|15
